승인(O 를 쓰면 적용 대상),문항 ID,세트 ID,유형,의심 이유,현재 문항,수정안 문항,보기(바뀌지 않음),정답(바뀌지 않음),비고
,0f03ab86-44e3-47c2-93e2-a8f44d8ee470,8007ac33-7545-4913-a73d-6b600f5da8e7,grammar,밑줄 친 대상이 곧 정답,"밑줄 친 ""her""의 쓰임이 어법상 가장 적절한 것은?",,they | him | hers | her | she,her,수동 수정 필요: 원래 문장을 찾지 못했거나 빈칸형으로 바꿔도 정답이 보임
,2cd3c6cd-f280-4f81-be7f-11ea9dbb58b2,0657ecf9-ee0b-409b-a4f4-2c9b07a5c5f9,essay_어법고쳐쓰기,고쳐 쓸 문장에 틀린 곳이 없음 (문장 = 모범답안) / 지시문이 고친 답을 알려 줌,"다음 문장에는 어법상 틀린 부분이 한 군데 있습니다. 틀린 부분을 찾아 올바르게 고쳐 문장 전체를 다시 쓰시오.

""Had people understood this earlier, many relationships might have been saved from unnecessary pain."" 위 문장에서 'might have been saved'를 'might be saved'로 바꾼 아래 문장을 고쳐 쓰시오.

""Had people understood this earlier, many relationships might be saved from unnecessary pain.""",,,"Had people understood this earlier, many relationships might have been saved from unnecessary pain.",수동 수정 필요: 문장에 어법 오류를 한 군데 넣어야 함 (모범답안과 같은 문장)
,a4e62799-32ba-4241-9fc7-43318f7624e6,c116a081-0751-49c9-b88a-db1ff64718ee,grammar,밑줄 친 대상이 곧 정답,"밑줄 친 ""her""의 쓰임이 어법상 가장 적절한 것은?",,they | hers | she | her | him,her,수동 수정 필요: 원래 문장을 찾지 못했거나 빈칸형으로 바꿔도 정답이 보임
,b7e910c6-c973-40f8-89fa-e70714460875,d73066d3-87e1-4981-8c8f-ebb6dd759c69,essay_어법고쳐쓰기,고쳐 쓸 문장에 틀린 곳이 없음 (문장 = 모범답안) / 지시문이 고친 답을 알려 줌,"다음 문장에는 어법상 틀린 부분이 한 군데 있습니다. 틀린 부분을 찾아 올바르게 고쳐 문장 전체를 다시 쓰시오.

""Had people understood this earlier, many relationships might have been saved from unnecessary pain."" 위 문장에서 'might have been saved'를 'might be saved'로 바꾼 아래 문장을 고쳐 쓰시오.

""Had people understood this earlier, many relationships might be saved from unnecessary pain.""",,,"Had people understood this earlier, many relationships might have been saved from unnecessary pain.",수동 수정 필요: 문장에 어법 오류를 한 군데 넣어야 함 (모범답안과 같은 문장)
