문항 ID,세트 ID,유형,의심 이유
00b003d2-bafa-498f-8ff7-dcea26975b21,0e1b710b-ac38-47b3-8934-26c406ae7379,grammar,밑줄 친 대상이 곧 정답
01e303a7-a292-430e-a807-de07e2204e0b,ad2a8c78-2fd4-4439-bece-d0078c7bf719,grammar,밑줄 친 대상이 곧 정답
07c75af8-645c-4fb1-9158-c4bbf25b4c83,d49dce66-527d-4a10-8070-1803dc9f06f6,grammar,밑줄 친 대상이 곧 정답
0806e6e6-6827-456d-881b-40e234f48ec1,447d5200-8bb7-4a15-8e29-679e3fa2657d,grammar,밑줄 친 대상이 곧 정답
08214de9-fd6b-4862-afe3-f6413c0ab3e8,2ee43511-1c88-4c33-ae9d-3f9a86f70bee,grammar,밑줄 친 대상이 곧 정답
09936fa0-1004-4e1d-a9f5-ba01680fe567,65dbb92e-5fa2-4fb8-a3e7-028a50782189,grammar,밑줄 친 대상이 곧 정답
09dbfcd8-d9f4-4fe0-ab23-c5a8eecbf00f,fb01d1e8-45e5-4f29-a6f0-6933d137dbd3,grammar,밑줄 친 대상이 곧 정답
0a232c57-2384-402f-8ff8-8efbcd5e03dd,ca0f20eb-0190-41fc-8708-b09e3aac656c,grammar,밑줄 친 대상이 곧 정답
0c5c8167-69da-4e73-a3f7-5a19b8c87cbd,382ea919-03b6-4876-b48c-6455d76ff6b3,grammar,밑줄 친 대상이 곧 정답
0c69fe68-e495-4446-b821-0657ab8d06a9,89c1908f-d52e-4e85-a022-fc8f197c644c,grammar,밑줄 친 대상이 곧 정답
0daf0f04-d4a5-4eaf-ac23-f19cff4f4f34,3e19cc6c-bdeb-433b-bbb6-299048421e56,grammar,밑줄 친 대상이 곧 정답
0f03ab86-44e3-47c2-93e2-a8f44d8ee470,8007ac33-7545-4913-a73d-6b600f5da8e7,grammar,밑줄 친 대상이 곧 정답
1037bcf5-2b42-418c-b803-90ba2117d924,2ee43511-1c88-4c33-ae9d-3f9a86f70bee,grammar,밑줄 친 대상이 곧 정답
1184c1ff-f828-4154-be64-597a44ce0f4b,3e19cc6c-bdeb-433b-bbb6-299048421e56,grammar,밑줄 친 대상이 곧 정답
13a46c2d-8b5c-4aad-9b59-8024b57440a8,c116a081-0751-49c9-b88a-db1ff64718ee,grammar,밑줄 친 대상이 곧 정답
16af4d64-0b86-4de4-80e1-e4bedcef9455,71c550f5-b66d-4be2-bd79-5c620394f7ed,grammar,밑줄 친 대상이 곧 정답
1827e8e2-61f6-4cdb-9cb0-515e2ec3fa8a,447d5200-8bb7-4a15-8e29-679e3fa2657d,grammar,밑줄 친 대상이 곧 정답
18828a62-91e9-4927-a767-2b21ede0a607,edf6129b-c5df-458b-b70f-c7b057835135,grammar,밑줄 친 대상이 곧 정답
19414cad-96c9-4ffe-ba8a-0c2539edd403,d73066d3-87e1-4981-8c8f-ebb6dd759c69,grammar,밑줄 친 대상이 곧 정답
1a10b0ad-90dc-49b1-a959-8023bbed09e8,af601486-2305-43cc-a114-25d0ed97c079,grammar,밑줄 친 대상이 곧 정답
1e240d97-3058-450c-9b72-a5a3c4ac13e2,3e19cc6c-bdeb-433b-bbb6-299048421e56,grammar,밑줄 친 대상이 곧 정답
1e88c572-3eb5-489d-841f-b41de19a72ba,d49dce66-527d-4a10-8070-1803dc9f06f6,grammar,밑줄 친 대상이 곧 정답
208d2483-99a2-48e4-b0e6-f0c75e7f94c2,77dec548-4e03-497f-82aa-652462a73872,grammar,밑줄 친 대상이 곧 정답
21cc7e30-2139-4c70-9f32-77b9b6eab9af,65dbb92e-5fa2-4fb8-a3e7-028a50782189,grammar,밑줄 친 대상이 곧 정답
221db230-af36-4327-87bd-a1163788449d,ca0f20eb-0190-41fc-8708-b09e3aac656c,grammar,밑줄 친 대상이 곧 정답
25574542-4a46-4c87-90bb-1c6331bd354c,e5c43c0b-fceb-44c3-b020-0b1058d32b3f,grammar,밑줄 친 대상이 곧 정답
2581a820-495a-4b89-b102-14378a0f4979,158e1b01-1140-4ca7-8ecc-4759ea00a96f,grammar,밑줄 친 대상이 곧 정답
27e41e77-ab4b-4dff-be31-02acffd5b14e,a5b14302-56a7-4066-b5e8-e3aee081e40a,grammar,밑줄 친 대상이 곧 정답
28e8e2a9-3381-40e9-ab3f-b9d930332a96,8007ac33-7545-4913-a73d-6b600f5da8e7,grammar,밑줄 친 대상이 곧 정답
2a8d6d17-70c3-465a-a5a6-c2da69f96331,ad2a8c78-2fd4-4439-bece-d0078c7bf719,grammar,밑줄 친 대상이 곧 정답
2ac372e4-f235-4600-b78f-335d637145f6,c116a081-0751-49c9-b88a-db1ff64718ee,grammar,밑줄 친 대상이 곧 정답
2ac55afa-6992-4428-be11-646cbe813783,d73066d3-87e1-4981-8c8f-ebb6dd759c69,grammar,밑줄 친 대상이 곧 정답
2aee2aa9-9c6e-4a38-a970-c4de0922fc86,b3964357-118b-4136-9cd3-ed3bfe080c29,grammar,밑줄 친 대상이 곧 정답
2cd3c6cd-f280-4f81-be7f-11ea9dbb58b2,0657ecf9-ee0b-409b-a4f4-2c9b07a5c5f9,essay_어법고쳐쓰기,고쳐 쓸 문장에 틀린 곳이 없음 (문장 = 모범답안) / 지시문이 고친 답을 알려 줌
2d18bd3b-d958-47e2-bc8e-cbfe25b7bb4a,056217a4-b938-49d8-872b-b3b523a01400,grammar,밑줄 친 대상이 곧 정답
2e00fcc6-f117-4ef1-969d-547217a800ce,d73066d3-87e1-4981-8c8f-ebb6dd759c69,grammar,밑줄 친 대상이 곧 정답
2ffab3fe-1072-490b-826e-15d1ea7cdfc8,71c550f5-b66d-4be2-bd79-5c620394f7ed,grammar,밑줄 친 대상이 곧 정답
3222d495-e25a-41cf-8885-dd1b0ea895ed,158e1b01-1140-4ca7-8ecc-4759ea00a96f,grammar,밑줄 친 대상이 곧 정답
3233c324-03a0-455d-8eb6-3b6dedda4018,65dbb92e-5fa2-4fb8-a3e7-028a50782189,grammar,밑줄 친 대상이 곧 정답
357f4b81-5e39-440f-babe-2095ef9d4e78,5158f174-1c69-49f4-af86-4294cd42cdfe,grammar,밑줄 친 대상이 곧 정답
37a52668-69b5-4a4c-bebc-2c9fcb05251a,df8079fd-6396-423d-83c9-c5f2fe6fb9ad,grammar,밑줄 친 대상이 곧 정답
3880da96-e007-4797-b70a-1877e49f40b0,df8079fd-6396-423d-83c9-c5f2fe6fb9ad,grammar,밑줄 친 대상이 곧 정답
3d842cab-6766-452d-a621-f18b7ad5819e,71c550f5-b66d-4be2-bd79-5c620394f7ed,grammar,밑줄 친 대상이 곧 정답
3d90234f-93a5-442a-b455-c06b94adcefc,08501873-92b1-45b1-ae69-feaf6110d95e,grammar,밑줄 친 대상이 곧 정답
40f663a1-0ae8-4767-92df-3923697dd553,3e19cc6c-bdeb-433b-bbb6-299048421e56,grammar,밑줄 친 대상이 곧 정답
411afbc5-1a35-43a0-9114-5f3fd2c4059d,ad2a8c78-2fd4-4439-bece-d0078c7bf719,grammar,밑줄 친 대상이 곧 정답
42948296-742e-4da9-ae46-579ca958f488,056217a4-b938-49d8-872b-b3b523a01400,grammar,밑줄 친 대상이 곧 정답
44245c59-0db5-47da-8c06-301b0932b82b,e5c43c0b-fceb-44c3-b020-0b1058d32b3f,grammar,밑줄 친 대상이 곧 정답
4a1108e7-51bf-464e-87df-b4fea2b64800,436f1169-ad03-4745-81a6-75cd2bf01623,grammar,밑줄 친 대상이 곧 정답
4a6331e1-8ca9-4449-908d-2e5fe1d2f8fe,1de56d24-a0f7-4fab-8d19-d3cd4109989a,grammar,밑줄 친 대상이 곧 정답
4ca60da6-525b-4306-84a7-ef0944bfe36c,df8079fd-6396-423d-83c9-c5f2fe6fb9ad,grammar,밑줄 친 대상이 곧 정답
4cd23704-4331-4f15-acf5-45ed84a6d63e,1b9a7078-0296-425d-81e2-9d8948dd536e,grammar,밑줄 친 대상이 곧 정답
509fe569-839a-4d5a-a1ab-f64ff3173b63,056217a4-b938-49d8-872b-b3b523a01400,grammar,밑줄 친 대상이 곧 정답
521dca2f-b1de-40d8-a4dc-d1f92d3d5509,df8079fd-6396-423d-83c9-c5f2fe6fb9ad,grammar,밑줄 친 대상이 곧 정답
5309fb83-9315-48e6-bd81-0ee80a02dc20,df8079fd-6396-423d-83c9-c5f2fe6fb9ad,grammar,밑줄 친 대상이 곧 정답
547aa402-5437-46e8-aed4-3f5c628b82a6,c116a081-0751-49c9-b88a-db1ff64718ee,grammar,밑줄 친 대상이 곧 정답
554ae5fc-72d2-4f09-aaec-d1587d3fc149,65dbb92e-5fa2-4fb8-a3e7-028a50782189,grammar,밑줄 친 대상이 곧 정답
555d1db2-b622-4920-90b1-3fb983efab28,ca0f20eb-0190-41fc-8708-b09e3aac656c,grammar,밑줄 친 대상이 곧 정답
56325fe1-acd1-40da-ada6-fc503e08cbea,ad8533e2-efe0-418a-9187-9d96bf409ff9,grammar,밑줄 친 대상이 곧 정답
5745af72-1af4-4a64-88e5-0ad08d36e50d,e5f45250-1625-4bce-8e94-1b949a33e8cb,grammar,밑줄 친 대상이 곧 정답
5c7a0873-07a6-4ed2-9d59-d4917ea7cac8,436f1169-ad03-4745-81a6-75cd2bf01623,grammar,밑줄 친 대상이 곧 정답
61bd4307-d33b-4f05-95ba-6b93b4224b3d,382ea919-03b6-4876-b48c-6455d76ff6b3,grammar,밑줄 친 대상이 곧 정답
6416312b-91ed-452f-8489-3dc692d5d411,fb01d1e8-45e5-4f29-a6f0-6933d137dbd3,grammar,밑줄 친 대상이 곧 정답
655617da-54d3-4d24-99c7-f4373ad1cbf8,8007ac33-7545-4913-a73d-6b600f5da8e7,grammar,밑줄 친 대상이 곧 정답
66664135-f2e9-4074-9621-a86c0b77b49c,382ea919-03b6-4876-b48c-6455d76ff6b3,grammar,밑줄 친 대상이 곧 정답
6733cfa8-6a56-45ab-9527-8fa15cb2d5d7,382ea919-03b6-4876-b48c-6455d76ff6b3,grammar,밑줄 친 대상이 곧 정답
688ab2aa-1acf-4350-9d2a-04e323d02a2b,af06fdf3-4bd4-4035-ba3f-cdc863ab2140,grammar,밑줄 친 대상이 곧 정답
69418f3c-0f64-4dbd-a0dd-8f37c5173b77,e5f45250-1625-4bce-8e94-1b949a33e8cb,grammar,밑줄 친 대상이 곧 정답
6b05ab8b-9576-494d-885a-71d64419eb29,945de5e5-cae0-46aa-a31a-112896330642,grammar,밑줄 친 대상이 곧 정답
6cf7235a-9a20-47b1-b675-2959761627bf,77dec548-4e03-497f-82aa-652462a73872,grammar,밑줄 친 대상이 곧 정답
6f3aef08-afdf-488e-929d-7dabb6f489ea,77dec548-4e03-497f-82aa-652462a73872,grammar,밑줄 친 대상이 곧 정답
702e8b34-832e-4fa4-b591-1bac12fe59f1,8007ac33-7545-4913-a73d-6b600f5da8e7,grammar,밑줄 친 대상이 곧 정답
703a16ef-0a1b-4468-896b-945f94b3e12d,89c1908f-d52e-4e85-a022-fc8f197c644c,grammar,밑줄 친 대상이 곧 정답
70c074af-0dbe-43a7-a233-64c60ba25f22,edf6129b-c5df-458b-b70f-c7b057835135,grammar,밑줄 친 대상이 곧 정답
71704269-5003-4872-ab5b-4f9a5a332363,a5b14302-56a7-4066-b5e8-e3aee081e40a,grammar,밑줄 친 대상이 곧 정답
746075fd-50ea-4b59-9482-07c56cdcda4c,447d5200-8bb7-4a15-8e29-679e3fa2657d,grammar,밑줄 친 대상이 곧 정답
74a6bad5-61a4-48c6-9920-13d08836c7a0,945de5e5-cae0-46aa-a31a-112896330642,grammar,밑줄 친 대상이 곧 정답
74eb0e03-60af-40fc-867d-0ee50ae16b03,e97a91f3-2d22-4009-9c16-249e3dc2365e,grammar,밑줄 친 대상이 곧 정답
79ed6f0e-5fb3-4daf-b449-be784dd5e3b7,ad8533e2-efe0-418a-9187-9d96bf409ff9,grammar,밑줄 친 대상이 곧 정답
7a65c061-484b-497b-aa8e-471bdde260bc,1de56d24-a0f7-4fab-8d19-d3cd4109989a,grammar,밑줄 친 대상이 곧 정답
7b84e3fd-3d2a-469d-a51d-0a432ab28358,cfa0c39e-73cc-4286-92ea-110c150a73fb,grammar,밑줄 친 대상이 곧 정답
7bdd971d-ffa1-44b1-a98a-77049c841a1f,158e1b01-1140-4ca7-8ecc-4759ea00a96f,grammar,밑줄 친 대상이 곧 정답
7f25e387-fff5-47ec-b144-ff07b027fac9,2ee43511-1c88-4c33-ae9d-3f9a86f70bee,grammar,밑줄 친 대상이 곧 정답
80477349-f7dc-4723-93c1-012a11dec44a,527d765d-6fda-47e0-a6a6-9b2e63f35569,grammar,밑줄 친 대상이 곧 정답
82644595-0fe8-4e93-9112-342b78f3c9ac,d73066d3-87e1-4981-8c8f-ebb6dd759c69,grammar,밑줄 친 대상이 곧 정답
829ddd69-3f45-4f7f-bf66-11b0e886e298,d49dce66-527d-4a10-8070-1803dc9f06f6,grammar,밑줄 친 대상이 곧 정답
856181f8-98b9-4bce-ac2c-0ae01b45b0de,cfe83a30-8626-4e10-9c2d-a52f466e888f,grammar,밑줄 친 대상이 곧 정답
85d22f02-df5d-4f07-9f5b-63cb14d4fbce,fcd78915-e9d1-464a-a1b2-e144267074e9,grammar,밑줄 친 대상이 곧 정답
85fcb8a4-7c72-4340-ba9d-3ea82b9dc58c,1b9a7078-0296-425d-81e2-9d8948dd536e,grammar,밑줄 친 대상이 곧 정답
86a6e17f-8a2f-4842-88c1-59b544a40445,65dbb92e-5fa2-4fb8-a3e7-028a50782189,grammar,밑줄 친 대상이 곧 정답
86bf0f0e-3978-4ba9-bb55-701bdcac709b,e5c43c0b-fceb-44c3-b020-0b1058d32b3f,grammar,밑줄 친 대상이 곧 정답
86e91377-d391-473b-a6cc-860b59da4ed6,e5f45250-1625-4bce-8e94-1b949a33e8cb,grammar,밑줄 친 대상이 곧 정답
88cb56f3-4996-4690-84e4-8ff79bf42a6a,94ac4fa0-051e-4c2a-af42-0d25becef8b6,grammar,밑줄 친 대상이 곧 정답
8a39ad06-a33c-47d3-b983-3bc512233218,5158f174-1c69-49f4-af86-4294cd42cdfe,grammar,밑줄 친 대상이 곧 정답
8a3ef98b-4086-4992-9e1f-c52ee3ef6eac,af601486-2305-43cc-a114-25d0ed97c079,grammar,밑줄 친 대상이 곧 정답
8c893b26-5947-463e-b6fd-f1a862007a41,cfe83a30-8626-4e10-9c2d-a52f466e888f,grammar,밑줄 친 대상이 곧 정답
8cd5d3aa-75d5-4c6b-89d0-fe95cd360e57,0e1b710b-ac38-47b3-8934-26c406ae7379,grammar,밑줄 친 대상이 곧 정답
8dd311c2-56b7-45ee-9e77-e3f182977828,e5f45250-1625-4bce-8e94-1b949a33e8cb,grammar,밑줄 친 대상이 곧 정답
8e14771e-769c-423f-bd8e-97db3b8b4cb0,3d8c102c-0ea7-4ae6-970c-a3f3726d8191,grammar,밑줄 친 대상이 곧 정답
8f9e0ac9-6e35-4433-9068-149b3f172fe6,cfe83a30-8626-4e10-9c2d-a52f466e888f,grammar,밑줄 친 대상이 곧 정답
92150162-f97a-4978-b607-5785d2ce8ae5,fcd78915-e9d1-464a-a1b2-e144267074e9,grammar,밑줄 친 대상이 곧 정답
92ba238d-f416-4dcd-a7a6-baa4912b69c7,705e83b3-8c11-4430-a5a2-79245c6fe632,grammar,밑줄 친 대상이 곧 정답
9614ce2e-1f7d-426c-80a2-b78dfcb5cdf6,1de56d24-a0f7-4fab-8d19-d3cd4109989a,grammar,밑줄 친 대상이 곧 정답
97eb4887-03a5-45a5-951b-e6bde5be08a0,08501873-92b1-45b1-ae69-feaf6110d95e,grammar,밑줄 친 대상이 곧 정답
9ab611fb-234b-4c76-8be7-ac5752f95dca,382ea919-03b6-4876-b48c-6455d76ff6b3,grammar,밑줄 친 대상이 곧 정답
9de504db-0429-4b79-b22f-97f3cab0a5fa,158e1b01-1140-4ca7-8ecc-4759ea00a96f,grammar,밑줄 친 대상이 곧 정답
a19dfb4f-7dfc-4865-8800-86ad643ba6ee,1de56d24-a0f7-4fab-8d19-d3cd4109989a,grammar,밑줄 친 대상이 곧 정답
a2851f83-73c6-482e-b8d0-40fee81b3f1a,edf6129b-c5df-458b-b70f-c7b057835135,grammar,밑줄 친 대상이 곧 정답
a2872971-a1b6-4b85-aa5d-4119b6923a1a,d49dce66-527d-4a10-8070-1803dc9f06f6,grammar,밑줄 친 대상이 곧 정답
a2e042b3-02f7-44e8-b7ad-778198803268,b3964357-118b-4136-9cd3-ed3bfe080c29,grammar,밑줄 친 대상이 곧 정답
a4e62799-32ba-4241-9fc7-43318f7624e6,c116a081-0751-49c9-b88a-db1ff64718ee,grammar,밑줄 친 대상이 곧 정답
a765e0cf-b26c-46ea-97c7-5d3d2fbfd443,89c1908f-d52e-4e85-a022-fc8f197c644c,grammar,밑줄 친 대상이 곧 정답
a789808f-554a-4682-ba73-bc9e8229d571,945de5e5-cae0-46aa-a31a-112896330642,grammar,밑줄 친 대상이 곧 정답
aa4e46d7-fd44-49c4-9e10-c309404931d6,447d5200-8bb7-4a15-8e29-679e3fa2657d,grammar,밑줄 친 대상이 곧 정답
ae59b07e-c266-4df0-9912-108fd8c0829f,af601486-2305-43cc-a114-25d0ed97c079,grammar,밑줄 친 대상이 곧 정답
ae88b12e-d39a-4d80-bcb5-bcde2b862ce6,bff0d0b1-8266-445f-8efb-77ac59476b6c,grammar,밑줄 친 대상이 곧 정답
b17738f8-16e2-449d-b1fd-5021589e263f,af601486-2305-43cc-a114-25d0ed97c079,grammar,밑줄 친 대상이 곧 정답
b2385be5-5ef8-4fc4-ae70-c65ab98687ef,436f1169-ad03-4745-81a6-75cd2bf01623,grammar,밑줄 친 대상이 곧 정답
b2817e2c-ba34-42a8-8070-8855fc3fbbca,c116a081-0751-49c9-b88a-db1ff64718ee,grammar,밑줄 친 대상이 곧 정답
b524ebae-0a23-48ec-a60a-b4a05c0dff6a,3e19cc6c-bdeb-433b-bbb6-299048421e56,grammar,밑줄 친 대상이 곧 정답
b5bbd4e9-35ff-408d-ad91-c6c79c379029,527d765d-6fda-47e0-a6a6-9b2e63f35569,grammar,밑줄 친 대상이 곧 정답
b5f33517-fb77-4e49-aefe-b99711421ad9,e8bb2b7c-64c5-4665-8562-f533a2331a15,grammar,밑줄 친 대상이 곧 정답
b7d07b09-f38b-48f4-aef7-c578eb4598bc,edf6129b-c5df-458b-b70f-c7b057835135,grammar,밑줄 친 대상이 곧 정답
b7e910c6-c973-40f8-89fa-e70714460875,d73066d3-87e1-4981-8c8f-ebb6dd759c69,essay_어법고쳐쓰기,고쳐 쓸 문장에 틀린 곳이 없음 (문장 = 모범답안) / 지시문이 고친 답을 알려 줌
b90f84aa-9842-4eae-88e6-297628079800,77dec548-4e03-497f-82aa-652462a73872,grammar,밑줄 친 대상이 곧 정답
b96ddac5-efe2-4519-9595-9f735c8ca252,527d765d-6fda-47e0-a6a6-9b2e63f35569,grammar,밑줄 친 대상이 곧 정답
bac044a4-3de1-4e70-82a0-fcf073626d56,82b41dab-6d00-446f-83d3-77b6f964f82f,grammar,밑줄 친 대상이 곧 정답
bbcf1c80-97c2-4435-b446-f80f6a996fce,5158f174-1c69-49f4-af86-4294cd42cdfe,grammar,밑줄 친 대상이 곧 정답
bdc8d95c-0bfe-4381-b4ae-5cfcf88ecb92,5158f174-1c69-49f4-af86-4294cd42cdfe,grammar,밑줄 친 대상이 곧 정답
bff33124-889c-46cf-916f-f65aed0b8074,cfe83a30-8626-4e10-9c2d-a52f466e888f,grammar,밑줄 친 대상이 곧 정답
c3a1d50d-5ebf-4d38-aa39-3587348a57a8,1b9a7078-0296-425d-81e2-9d8948dd536e,grammar,밑줄 친 대상이 곧 정답
c4033d63-cb09-45b0-aad3-5e747a5db11c,bff0d0b1-8266-445f-8efb-77ac59476b6c,grammar,밑줄 친 대상이 곧 정답
c501160a-579b-45a4-b430-9f1945a60c57,e8bb2b7c-64c5-4665-8562-f533a2331a15,grammar,밑줄 친 대상이 곧 정답
c564b082-48a3-449d-9987-df65904be420,5158f174-1c69-49f4-af86-4294cd42cdfe,grammar,밑줄 친 대상이 곧 정답
c59210d1-b36e-4166-8482-4a0c2f42e42c,945de5e5-cae0-46aa-a31a-112896330642,grammar,밑줄 친 대상이 곧 정답
c5b9e0da-0c5e-4d2f-ad76-ac9b781890d2,df8079fd-6396-423d-83c9-c5f2fe6fb9ad,grammar,밑줄 친 대상이 곧 정답
c5dfe260-5185-48b7-9f35-4b5f35b7e7eb,447d5200-8bb7-4a15-8e29-679e3fa2657d,grammar,밑줄 친 대상이 곧 정답
c618b526-f1c1-493f-9c20-c705970b8873,89c1908f-d52e-4e85-a022-fc8f197c644c,grammar,밑줄 친 대상이 곧 정답
c6dfcedb-4095-4df0-88ec-923974e845b8,fcd78915-e9d1-464a-a1b2-e144267074e9,grammar,밑줄 친 대상이 곧 정답
c71b4c3a-191a-4195-9449-c6b557212645,71c550f5-b66d-4be2-bd79-5c620394f7ed,grammar,밑줄 친 대상이 곧 정답
c978c9ec-d37b-49a3-9913-712cfb4b8f82,77dec548-4e03-497f-82aa-652462a73872,grammar,밑줄 친 대상이 곧 정답
caf8cbcf-a333-4f62-a90c-51e436b95670,5158f174-1c69-49f4-af86-4294cd42cdfe,grammar,밑줄 친 대상이 곧 정답
cb6fbd02-94b1-4c77-b95b-666c8e5278ec,82b41dab-6d00-446f-83d3-77b6f964f82f,grammar,밑줄 친 대상이 곧 정답
cc3af762-19a2-4817-ad41-cfdf6ae5b227,0e1b710b-ac38-47b3-8934-26c406ae7379,grammar,밑줄 친 대상이 곧 정답
d1506e14-bd73-4023-8afc-3414a2a0263c,71c550f5-b66d-4be2-bd79-5c620394f7ed,grammar,밑줄 친 대상이 곧 정답
d272f0e3-1979-4253-9d35-ea7c62d8256c,cfe83a30-8626-4e10-9c2d-a52f466e888f,grammar,밑줄 친 대상이 곧 정답
d3cc99d7-1ead-4609-9b16-88f65381ae53,527d765d-6fda-47e0-a6a6-9b2e63f35569,grammar,밑줄 친 대상이 곧 정답
d3d17c88-9f9a-4c8f-bcdc-47e810a467e2,cfa0c39e-73cc-4286-92ea-110c150a73fb,grammar,밑줄 친 대상이 곧 정답
d6933ff6-bb96-45b2-b790-ddd79b538c62,e5f45250-1625-4bce-8e94-1b949a33e8cb,grammar,밑줄 친 대상이 곧 정답
d8f1c15c-a502-4992-9634-7b87db3b20e2,0e1b710b-ac38-47b3-8934-26c406ae7379,grammar,밑줄 친 대상이 곧 정답
d9e3d852-5482-4573-83e0-995d2101a72a,d73066d3-87e1-4981-8c8f-ebb6dd759c69,grammar,밑줄 친 대상이 곧 정답
dddf407c-6021-41f6-930c-9281dd42f3fb,1de56d24-a0f7-4fab-8d19-d3cd4109989a,grammar,밑줄 친 대상이 곧 정답
de2a785d-a9ed-4252-addd-31ed3a1d82a8,df8079fd-6396-423d-83c9-c5f2fe6fb9ad,grammar,밑줄 친 대상이 곧 정답
defa833f-95e4-4d04-9252-a00124d57675,8007ac33-7545-4913-a73d-6b600f5da8e7,grammar,밑줄 친 대상이 곧 정답
e1c2239c-915d-4422-b736-34a5ff82de42,af06fdf3-4bd4-4035-ba3f-cdc863ab2140,grammar,밑줄 친 대상이 곧 정답
e4b80f8d-df46-48f9-90fc-c6a2c7706927,af601486-2305-43cc-a114-25d0ed97c079,grammar,밑줄 친 대상이 곧 정답
e66d39ef-f98d-40e8-bdc9-364c51944be4,527d765d-6fda-47e0-a6a6-9b2e63f35569,grammar,밑줄 친 대상이 곧 정답
e9edb06c-ba54-4126-85e2-fa612ab00316,1b9a7078-0296-425d-81e2-9d8948dd536e,grammar,밑줄 친 대상이 곧 정답
ed8fa5b5-edbb-4a3f-9ac8-a19d7987514c,d49dce66-527d-4a10-8070-1803dc9f06f6,grammar,밑줄 친 대상이 곧 정답
ee0ed5a0-c2f8-4b89-bde5-fd3d6ce61da5,2ee43511-1c88-4c33-ae9d-3f9a86f70bee,grammar,밑줄 친 대상이 곧 정답
ee6f9509-04ca-492c-b226-35669b25fd60,945de5e5-cae0-46aa-a31a-112896330642,grammar,밑줄 친 대상이 곧 정답
f146188e-63ac-41f9-97f5-73fa82d5314f,89c1908f-d52e-4e85-a022-fc8f197c644c,grammar,밑줄 친 대상이 곧 정답
f2b0b93a-d214-46a8-963d-32048fcab893,2ee43511-1c88-4c33-ae9d-3f9a86f70bee,grammar,밑줄 친 대상이 곧 정답
f372992c-8631-4620-90aa-9c65419916b7,e5c43c0b-fceb-44c3-b020-0b1058d32b3f,grammar,밑줄 친 대상이 곧 정답
f37db67c-dece-4782-b76a-2e6b60ac107e,436f1169-ad03-4745-81a6-75cd2bf01623,grammar,밑줄 친 대상이 곧 정답
f39348d9-ebcc-4f69-8704-22e097a2f1ab,ca0f20eb-0190-41fc-8708-b09e3aac656c,grammar,밑줄 친 대상이 곧 정답
f3ea9055-0b6a-474e-9707-b38cbdd03cfe,1b9a7078-0296-425d-81e2-9d8948dd536e,grammar,밑줄 친 대상이 곧 정답
f834c1f0-6135-4b95-b0f1-65865dacc559,e5c43c0b-fceb-44c3-b020-0b1058d32b3f,grammar,밑줄 친 대상이 곧 정답
f8fc01df-a36f-48e6-8d7b-8bf0014103cd,3e19cc6c-bdeb-433b-bbb6-299048421e56,grammar,밑줄 친 대상이 곧 정답
f938a03a-86bb-4427-9708-718d0005bfb0,705e83b3-8c11-4430-a5a2-79245c6fe632,grammar,밑줄 친 대상이 곧 정답
fa7568c6-0adb-41aa-b752-4b8b760684eb,94ac4fa0-051e-4c2a-af42-0d25becef8b6,grammar,밑줄 친 대상이 곧 정답
fcb55b31-2708-4e4e-8c6c-512281927eb5,edf6129b-c5df-458b-b70f-c7b057835135,grammar,밑줄 친 대상이 곧 정답
fcea3033-0493-4ae6-bebd-a0f08ffa1322,158e1b01-1140-4ca7-8ecc-4759ea00a96f,grammar,밑줄 친 대상이 곧 정답
