번호,단어,품사,대표 뜻,인정 뜻,난이도,한→영 가능,판정,메모
1,monster,명,괴물,,40,가능,,
2,million,수,100만,백만,40,불가,,
3,soap,명,비누,,40,가능,,
4,curry,명,카레,,40,가능,,
5,abroad,부,해외로,"외국에, 해외에서",45,가능,,
6,magnet,명,자석,,55,가능,,
7,mayor,명,시장,시장님,60,불가,,
8,gasoline,명,휘발유,가솔린,60,불가,,
9,dine,동,식사하다,정찬을 먹다,62,불가,,
10,damp,형,축축한,습한,68,불가,,
11,exhibit,동,전시하다,"보이다, 나타내다",70,불가,,
12,infect,동,감염시키다,오염시키다,70,불가,,
13,exotic,형,이국적인,외래의,72,불가,,
14,facility,명,시설,"설비, 기능",72,불가,,
15,extraordinary,형,비범한,"놀라운, 특별한",72,불가,,
16,tissue,명,조직,"화장지, 티슈",72,불가,,
17,reverse,동,뒤집다,"반대로 하다, 되돌리다",74,불가,,
18,consent,명,동의,"허락, 승낙",76,불가,,
19,venture,명,모험,"벤처 사업, 모험적 사업",76,불가,,
20,verse,명,시,"운문, 구절",76,불가,,
21,undergo,동,겪다,"경험하다, 받다",78,불가,,
22,prosper,동,번영하다,"번창하다, 성공하다",78,불가,,
23,resume,동,재개하다,다시 시작하다,80,불가,,
24,bankrupt,형,파산한,,80,가능,,
25,cultivate,동,경작하다,"재배하다, 기르다",80,불가,,
26,confine,동,제한하다,"가두다, 국한하다",80,불가,,
27,tenant,명,세입자,임차인,80,불가,,
28,sustain,동,지속시키다,"유지하다, 떠받치다",80,불가,,
29,cease,동,중단되다,"그치다, 멈추다",80,불가,,
30,ministry,명,부,"부처, 성직",80,불가,,
31,populate,동,거주하다,"살다, 채우다",80,불가,,
32,unify,동,통일하다,통합하다,80,불가,,
33,brute,명,짐승,"야수, 난폭한 사람",82,불가,,
34,behalf,명,이익,"편, 대신",82,불가,,
35,oblige,동,의무를 지우다,"강요하다, 돕다",82,불가,,
36,emit,동,방출하다,"내뿜다, 내다",82,불가,,
37,orient,동,지향하게 하다,"방향을 맞추다, 적응시키다",86,불가,,
38,inhibit,동,억제하다,"방해하다, 못 하게 하다",86,불가,,
39,contend,동,주장하다,"다투다, 겨루다",86,불가,,
40,preside,동,주재하다,사회를 보다,88,불가,,
